{"stat.useItem.minecraft.anvil":1,"stat.crouchOneCm":5371,"stat.useItem.minecraft.chest":7,"stat.useItem.minecraft.iron_bars":38,"stat.useItem.minecraft.stone_brick_stairs":46,"stat.drop.minecraft.iron_bars":1,"stat.useItem.minecraft.web":3,"stat.sneakTime":1732,"achievement.exploreAllBiomes":{"value":0,"progress":["Plains"]},"stat.useItem.minecraft.command_block":7,"stat.useItem.minecraft.wooden_door":1,"achievement.openInventory":48,"stat.drop.minecraft.anvil":1,"stat.damageDealt":789,"stat.useItem.minecraft.obsidian":2,"stat.drop.minecraft.monster_egg":2,"stat.useItem.minecraft.planks":5,"stat.sleepInBed":1,"stat.fallOneCm":34110,"stat.flyOneCm":56821,"stat.useItem.minecraft.stonebrick":286,"stat.pickup.minecraft.diamond_sword":1,"stat.drop.minecraft.lava_bucket":1,"stat.damageTaken":27000,"stat.useItem.minecraft.torch":3,"stat.useItem.minecraft.bed":2,"stat.drop.minecraft.mossy_cobblestone":1,"stat.useItem.minecraft.diamond_sword":3,"stat.useItem.minecraft.monster_egg":43,"stat.pickup.minecraft.torch":1,"stat.useItem.minecraft.water_bucket":4,"stat.drop":8,"stat.timeSinceDeath":380,"stat.leaveGame":15,"stat.useItem.minecraft.iron_trapdoor":3,"stat.diveOneCm":637,"stat.useItem.minecraft.crafting_table":4,"stat.playOneMinute":387222,"stat.drop.minecraft.crafting_table":1,"stat.useItem.minecraft.mossy_cobblestone":1711,"stat.deaths":106,"stat.swimOneCm":2,"stat.useItem.minecraft.lava_bucket":202,"stat.mobKills":1,"stat.walkOneCm":765465,"stat.entityKilledBy.Blaze":22,"stat.chestOpened":3,"stat.useItem.minecraft.iron_door":3,"stat.jump":717,"stat.killEntity.Blaze":1,"stat.drop.minecraft.stone_brick_stairs":1,"stat.sprintOneCm":3299,"stat.useItem.minecraft.dirt":8}